Experimento,avg_cpi,avg_ipc,avg_CPU_time,avg_power,avg_EDP
0,1.0271296666666665,0.9875921666666668,0.13745603859295746,2.7850712092643337,2.8994294244470264
